{
  "$schema": "https://json-schema.org/draft/2020-12/schema",
  "type": "object",
  "required": [
    "invoices"
  ],
  "properties": {
    "invoices": {
      "type": "array",
      "items": {
        "type": "object",
        "required": [
          "crmApplicationId",
          "invoiceDate",
          "technologyOneDebtorId",
          "lbsNo",
          "amount",
          "invoiceType",
          "entityName",
          "department",
          "programme",
          "participantName"
        ],
        "properties": {
          "crmApplicationId": {
            "type": "string"
          },
          "processingYear": {
            "type": "number"
          },
          "processingPeriod": {
            "type": "number"
          },
          "invoiceDate": {
            "type": "string"
          },
          "dueDate": {
            "type": "string"
          },
          "finalPaymentDate": {
            "type": "string"
          },
          "technologyOneDebtorId": {
            "type": "string"
          },
          "technologyOneSponsorId": {
            "type": "string"
          },
          "lbsNo": {
            "type": "string"
          },
          "participantName": {
            "type": "string"
          },
          "amount": {
            "required": [
              "currency",
              "value"
            ],
            "type": "object",
            "properties": {
              "currency": {
                "type": "string"
              },
              "value": {
                "type": "string"
              }
            }
          },
          "invoiceType": {
            "type": "string"
          },
          "entityName": {
            "type": "string",
            "examples": [
              "LBS",
              "DUBAI"
            ]
          },
          "purchaseOrderNumber": {
            "type": "string"
          },
          "department": {
            "type": "string",
            "examples": [
              "EE",
              "DE"
            ]
          },
          "programme": {
            "type": "object",
            "properties": {
              "type": {
                "type": "string"
              },
              "code": {
                "type": "string"
              },
              "yearGroup": {
                "type": "string"
              }
            },
            "required": [
              "type",
              "code"
            ]
          },
          "discount": {
            "type": "object",
            "properties": {
              "value": {
                "type": "string"
              },
              "reason": {
                "type": "string",
                "enum": [ "Staff", "Other" ]
              }
            },
            "required": [
              "value",
              "reason"
            ]
          },
          "recognition": {
            "type": "object",
            "properties": {
              "periodCount": {
                "type": "number"
              },
              "startDate": {
                "type": "string"
              }
            },
            "required": [
              "periodCount",
              "startDate"
            ]
          }
        }
      }
    }
  }
}