{
  "$schema": "https://json-schema.org/draft/2019-09/schema",
  "$id": "http://example.com/example.json",
  "type": "object",
  "default": {},
  "title": "Root Schema",
  "required": [
    "crmApplicationId",
    "title",
    "firstName",
    "lastName",
    "dateOfBirth",
    "emailAddresses",
    "lbsNo",
    "phoneNumbers",
    "programme",
    "homeAddress"
  ],
  "properties": {
    "crmApplicationId": {
      "type": "string",
      "title": "The crmApplicationId Schema",
      "format": "uuid",
      "examples": [
        "79dc4428-fac2-4809-adef-58155844e2a4"
      ]
    },
    "title": {
      "type": "string",
      "default": "",
      "title": "The title Schema",
      "examples": [
        "Mr"
      ]
    },
    "firstName": {
      "type": "string",
      "default": "",
      "title": "The firstName Schema",
      "examples": [
        "Chris"
      ]
    },
    "lastName": {
      "type": "string",
      "default": "",
      "title": "The lastName Schema",
      "examples": [
        "Butler"
      ]
    },
    "dateOfBirth": {
      "type": "string",
      "format": "date-time",
      "examples": [
        "1987-09-08T00:00:00.000Z"
      ]
    },
    "emailAddresses": {
      "type": "object",
      "default": {},
      "title": "The emailAddresses Schema",
      "properties": {
        "preferredEmail": {
          "type": "string",
          "default": "",
          "title": "The preferredEmail Schema",
          "examples": [
            "preferredEmail@hotmail.com"
          ]
        },        
        "personalEmail1": {
          "type": "string",
          "default": "",
          "title": "The personalEmail1 Schema",
          "examples": [
            "personalEmail1@hotmail.com"
          ]
        },
        "personalEmail2": {
          "type": "string",
          "default": "",
          "title": "The personalEmail2 Schema",
          "examples": [
            "personalEmail2@hotmail.com"
          ]
        },
        "workEmail1": {
          "type": "string",
          "default": "",
          "title": "The workEmail1 Schema",
          "examples": [
            "workEmail1@hotmail.com"
          ]
        },
        "workEmail2": {
          "type": "string",
          "default": "",
          "title": "The workEmail2 Schema",
          "examples": [
            "workEmail2@hotmail.com"
          ]
        },
        "schoolEmail": {
          "type": "string",
          "default": "",
          "title": "The schoolEmail Schema",
          "examples": [
            "schoolEmail@london.edu"
          ]
        },
        "otherEmail": {
          "type": "string",
          "default": "",
          "title": "The otherEmail Schema",
          "examples": [
            "otherEmail@london.edu"
          ]
        }
      },
      "examples": [
        {
          "preferredEmail": "preferredEmail@hotmail.com",
          "personalEmail1": "personalEmail1@hotmail.com",
          "personalEmail2": "personalEmail2@hotmail.com",
          "workEmail1": "workEmail1@hotmail.com",
          "workEmail2": "workEmail2@hotmail.com",
          "schoolEmail": "schoolEmail@london.edu"
        }
      ]
    },
    "lbsNo": {
      "type": "string",
      "default": "",
      "title": "The lbsNo Schema",
      "examples": [
        "LBS31456"
      ]
    },
    "phoneNumbers": {
      "type": "object",
      "default": {},
      "title": "The phoneNumbers Schema",
      "required": [
        "home"
      ],
      "properties": {
        "preferredContactNumber": {
          "type": "string",
          "default": "",
          "title": "The preferred contact number Schema",
          "examples": [
            "012345 678912"
          ]
        },
        "home": {
          "type": "string",
          "default": "",
          "title": "The home Schema",
          "examples": [
            "012345 678912"
          ]
        },
        "work": {
          "type": "string",
          "default": "",
          "title": "The work Schema",
          "examples": [
            "012345 678912"
          ]
        },
        "homeMobile": {
          "type": "string",
          "default": "",
          "title": "The homeMobile Schema",
          "examples": [
            "012345 678912"
          ]
        },
        "workMobile": {
          "type": "string",
          "default": "",
          "title": "The workMobile Schema",
          "examples": [
            "012345 678912"
          ]
        }
      },
      "examples": [
        {
          "preferredContactNumber": "012345 678912",
          "home": "012345 678912",
          "work": "012345 678912",
          "homeMobile": "012345 678912",
          "workMobile": "012345 678912"
        }
      ]
    },
    "programme": {
      "type": "object",
      "default": {},
      "title": "The programme Schema",
      "required": [
        "name",
        "type",
        "start",
        "end",
        "fee",
        "studyLocation",
        "classification"
      ],
      "properties": {
        "name": {
          "type": "string",
          "default": "",
          "title": "The name Schema",
          "examples": [
            "MS9444"
          ]
        },
        "type": {
          "type": "string",
          "default": "",
          "title": "The type Schema",
          "examples": [
            "SSL"
          ]
        },
        "start": {
          "type": "string",
          "format": "date-time",
          "title": "The start Schema",
          "examples": [
            "2023-11-15T15:35:57.058Z"
          ]
        },
        "end": {
          "type": "string",
          "format": "date-time",
          "title": "The end Schema",
          "examples": [
            "2023-11-15T15:35:57.058Z"
          ]
        },
        "fee": {
          "type": "object",
          "default": {},
          "title": "The fee Schema",
          "required": [
            "currency",
            "value"
          ],
          "properties": {
            "currency": {
              "type": "string",
              "default": "",
              "title": "The currency Schema",
              "enum": [ "GBP", "EUR", "USD" ],
              "examples": [
                "GBP"
              ]
            },
            "value": {
              "type": "string",
              "default": "",
              "title": "The value Schema",
              "examples": [
                "3456.78"
              ]
            }
          },
          "examples": [
            {
              "currency": "GBP",
              "value": "3456.78"
            }
          ]
        },
        "studyLocation": {
          "type": "string",
          "default": "",
          "title": "The study location Schema",
          "examples": [
            "In Person - London"
          ]
        },
        "classification": {
          "type": "string",
          "default": "",
          "title": "The classification Schema",
          "examples": [
            "Exec Ed"
          ]
        }
      },
      "examples": [
        {
          "name": "MS9444",
          "type": "SSL",
          "start": "2023-11-15T15:35:57.058Z",
          "end": "2023-11-15T15:35:57.058Z",
          "fee": {
            "currency": "GBP",
            "value": "3456.78"
          },
          "studyLocation": "In Person - London",
          "classification": "Exec Ed"
        }
      ]
    },
    "reservationFee": {
      "type": "object",
      "default": {},
      "title": "The reservationFee Schema",
      "required": [
        "currency",
        "value"
      ],
      "properties": {
        "currency": {
          "type": "string",
          "default": "",
          "title": "The currency Schema",
          "enum": [ "GBP", "EUR", "USD" ],
          "examples": [
            "GBP"
          ]
        },
        "value": {
          "type": "string",
          "default": "",
          "title": "The value Schema",
          "examples": [
            "3456.78"
          ]
        }
      },
      "examples": [
        {
          "currency": "GBP",
          "value": "3456.78"
        }
      ]
    },
    "commitmentFee": {
      "type": "object",
      "default": {},
      "title": "The commitmentFee Schema",
      "required": [
        "currency",
        "value"
      ],
      "properties": {
        "currency": {
          "type": "string",
          "default": "",
          "title": "The currency Schema",
          "enum": [ "GBP", "EUR", "USD" ],
          "examples": [
            "GBP"
          ]
        },
        "value": {
          "type": "string",
          "default": "",
          "title": "The value Schema",
          "examples": [
            "3456.78"
          ]
        }
      },
      "examples": [
        {
          "currency": "GBP",
          "value": "3456.78"
        }
      ]
    },
    "discount": {
      "type": "object",
      "default": {},
      "title": "The discount Schema",
      "properties": {
        "value": {
          "type": "string",
          "default": "",
          "title": "The discount value Schema",
          "examples": [
            "0.1"
          ]
        },
        "reason": {
          "type": "string",
          "default": "",
          "title": "The discount reason Schema",
          "examples": [
            "staff"
          ]
        }
      },
      "examples": [
        {
          "value": "5.4",
          "reason": "Staff"
        }
      ]
    },
    "nationalOf": {
      "type": "string",
      "default": "",
      "title": "National Of Schema",
      "examples": [
        "GB"
      ]
    },
    "homeAddress": {
      "type": "object",
      "default": {},
      "title": "The homeAddress Schema",
      "required": [
        "line1",
        "city",
        "county",
        "country",
        "postCode"
      ],
      "properties": {
        "line1": {
          "type": "string",
          "default": "",
          "title": "The line1 Schema",
          "examples": [
            "Flat 5,"
          ]
        },
        "line2": {
          "type": "string",
          "default": "",
          "title": "The line2 Schema",
          "examples": [
            "16 Glamor Road"
          ]
        },
        "city": {
          "type": "string",
          "default": "",
          "title": "The city Schema",
          "examples": [
            "Leicester"
          ]
        },
        "county": {
          "type": "string",
          "default": "",
          "title": "The county Schema",
          "examples": [
            "Leicestershire"
          ]
        },
        "country": {
          "type": "string",
          "default": "",
          "title": "The country Schema",
          "examples": [
            "GB"
          ]
        },
        "postCode": {
          "type": "string",
          "default": "",
          "title": "The postCode Schema",
          "examples": [
            "LA6 6GY"
          ]
        }
      },
      "examples": [
        {
          "line1": "Flat 5,",
          "line2": "16 Glamor Road",
          "city": "Leicester",
          "county": "Leicestershire",
          "country": "GB",
          "postCode": "LA6 6GY"
        }
      ]
    },
    "sponsor": {
      "type": "object",
      "default": {},
      "title": "The sponsor Schema",
      "required": [
        "title",
        "firstName",
        "lastName",
        "phoneNumbers",
        "emailAddresses",
        "address"
      ],
      "properties": {
        "title": {
          "type": "string",
          "default": "",
          "title": "The title Schema",
          "examples": [
            "Mr"
          ]
        },
        "firstName": {
          "type": "string",
          "default": "",
          "title": "The firstName Schema",
          "examples": [
            "Chris"
          ]
        },
        "lastName": {
          "type": "string",
          "default": "",
          "title": "The lastName Schema",
          "examples": [
            "Butler"
          ]
        },
        "phoneNumbers": {
          "type": "object",
          "default": {},
          "title": "The phoneNumbers Schema",
          "required": [
            "home",
            "work",
            "homeMobile",
            "workMobile"
          ],
          "properties": {
            "home": {
              "type": "string",
              "default": "",
              "title": "The home Schema",
              "examples": [
                "012345 678912"
              ]
            },
            "work": {
              "type": "string",
              "default": "",
              "title": "The work Schema",
              "examples": [
                "012345 678912"
              ]
            },
            "homeMobile": {
              "type": "string",
              "default": "",
              "title": "The homeMobile Schema",
              "examples": [
                "012345 678912"
              ]
            },
            "workMobile": {
              "type": "string",
              "default": "",
              "title": "The workMobile Schema",
              "examples": [
                "012345 678912"
              ]
            }
          },
          "examples": [
            {
              "home": "012345 678912",
              "work": "012345 678912",
              "homeMobile": "012345 678912",
              "workMobile": "012345 678912"
            }
          ]
        },
        "emailAddresses": {
          "type": "object",
          "default": {},
          "title": "The emailAddresses Schema",
          "required": [
            "personalEmail1",
            "personalEmail2",
            "workEmail1",
            "workEmail2",
            "schoolEmail"
          ],
          "properties": {
            "personalEmail1": {
              "type": "string",
              "default": "",
              "title": "The personalEmail1 Schema",
              "examples": [
                "personalEmail1@hotmail.com"
              ]
            },
            "personalEmail2": {
              "type": "string",
              "default": "",
              "title": "The personalEmail2 Schema",
              "examples": [
                "personalEmail2@hotmail.com"
              ]
            },
            "workEmail1": {
              "type": "string",
              "default": "",
              "title": "The workEmail1 Schema",
              "examples": [
                "workEmail1@hotmail.com"
              ]
            },
            "workEmail2": {
              "type": "string",
              "default": "",
              "title": "The workEmail2 Schema",
              "examples": [
                "workEmail2@hotmail.com"
              ]
            },
            "schoolEmail": {
              "type": "string",
              "default": "",
              "title": "The schoolEmail Schema",
              "examples": [
                "schoolEmail@london.edu"
              ]
            }
          },
          "examples": [
            {
              "personalEmail1": "personalEmail1@hotmail.com",
              "personalEmail2": "personalEmail2@hotmail.com",
              "workEmail1": "workEmail1@hotmail.com",
              "workEmail2": "workEmail2@hotmail.com",
              "schoolEmail": "schoolEmail@london.edu"
            }
          ]
        },
        "address": {
          "type": "object",
          "default": {},
          "title": "The address Schema",
          "required": [
            "line1",
            "line2",
            "city",
            "county",
            "country",
            "postCode"
          ],
          "properties": {
            "line1": {
              "type": "string",
              "default": "",
              "title": "The line1 Schema",
              "examples": [
                "Flat 5,"
              ]
            },
            "line2": {
              "type": "string",
              "default": "",
              "title": "The line2 Schema",
              "examples": [
                "16 Glamor Road"
              ]
            },
            "city": {
              "type": "string",
              "default": "",
              "title": "The city Schema",
              "examples": [
                "Leicester"
              ]
            },
            "county": {
              "type": "string",
              "default": "",
              "title": "The county Schema",
              "examples": [
                "Leicestershire"
              ]
            },
            "country": {
              "type": "string",
              "default": "",
              "title": "The country Schema",
              "examples": [
                "GB"
              ]
            },
            "postCode": {
              "type": "string",
              "default": "",
              "title": "The postCode Schema",
              "examples": [
                "LA6 6GY"
              ]
            }
          },
          "examples": [
            {
              "line1": "Flat 5,",
              "line2": "16 Glamor Road",
              "city": "Leicester",
              "county": "Leicestershire",
              "country": "GB",
              "postCode": "LA6 6GY"
            }
          ]
        }
      },
      "examples": [
        {
          "title": "Mr",
          "firstName": "Chris",
          "lastName": "Butler",
          "phoneNumbers": {
            "home": "012345 678912",
            "work": "012345 678912",
            "homeMobile": "012345 678912",
            "workMobile": "012345 678912"
          },
          "emailAddresses": {
            "personalEmail1": "personalEmail1@hotmail.com",
            "personalEmail2": "personalEmail2@hotmail.com",
            "workEmail1": "workEmail1@hotmail.com",
            "workEmail2": "workEmail2@hotmail.com",
            "schoolEmail": "schoolEmail@london.edu"
          },
          "address": {
            "line1": "Flat 5,",
            "line2": "16 Glamor Road",
            "city": "Leicester",
            "county": "Leicestershire",
            "country": "GB",
            "postCode": "LA6 6GY"
          }
        }
      ]
    }
  },
  "examples": [
    {
      "crmContactId": "42eb43aa-8df9-440e-9310-779f7c766e83",
      "crmApplicationId": "79dc4428-fac2-4809-adef-58155844e2a4",
      "title": "Mr",
      "firstName": "Chris",
      "lastName": "Butler",
      "dateOfBirth": "1987-09-08T00:00:00.000Z",
      "emailAddresses": {
        "personalEmail1": "personalEmail1@hotmail.com",
        "personalEmail2": "personalEmail2@hotmail.com",
        "workEmail1": "workEmail1@hotmail.com",
        "workEmail2": "workEmail2@hotmail.com",
        "schoolEmail": "schoolEmail@london.edu"
      },
      "lbsNo": "LBS31456",
      "phoneNumbers": {
        "home": "012345 678912",
        "work": "012345 678912",
        "homeMobile": "012345 678912",
        "workMobile": "012345 678912"
      },
      "programme": {
        "name": "MS9444",
        "type": "SSL",
        "start": "2023-11-15T15:35:57.058Z",
        "end": "2023-11-15T15:35:57.058Z",
        "fee": {
          "currency": "GBP",
          "value": "3456.78"
        }
      },
      "reservationFee": {
        "currency": "GBP",
        "value": "3456.78"
      },
      "commitmentFee": {
        "currency": "GBP",
        "value": "3456.78"
      },
      "discount": "5.4",
      "homeAddress": {
        "line1": "Flat 5,",
        "line2": "16 Glamor Road",
        "city": "Leicester",
        "county": "Leicestershire",
        "country": "GB",
        "postCode": "LA6 6GY"
      },
      "sponsor": {
        "title": "Mr",
        "firstName": "Chris",
        "lastName": "Butler",
        "phoneNumbers": {
          "home": "012345 678912",
          "work": "012345 678912",
          "homeMobile": "012345 678912",
          "workMobile": "012345 678912"
        },
        "emailAddresses": {
          "personalEmail1": "personalEmail1@hotmail.com",
          "personalEmail2": "personalEmail2@hotmail.com",
          "workEmail1": "workEmail1@hotmail.com",
          "workEmail2": "workEmail2@hotmail.com",
          "schoolEmail": "schoolEmail@london.edu"
        },
        "address": {
          "line1": "Flat 5,",
          "line2": "16 Glamor Road",
          "city": "Leicester",
          "county": "Leicestershire",
          "country": "GB",
          "postCode": "LA6 6GY"
        }
      }
    }
  ]
}