{
  "$schema": "https://json-schema.org/draft/2019-09/schema",
  "$id": "http://example.com/example.json",
  "type": "object",
  "default": {},
  "title": "Root Schema",
  "required": [
    "crmApplicationId",
    "lbsNumber",
    "invoiceType",
    "transactionId",
    "transactionDateTime",
    "paymentMethod",
    "merchantReference",
    "amount"
  ],
  "properties": {
    "crmApplicationId": {
      "type": "string",
      "title": "The crmApplicationId Schema",
      "format": "uuid",
      "examples": [
        "79dc4428-fac2-4809-adef-58155844e2a4"
      ]
    },
    "lbsNumber": {
      "type": "string",
      "examples": [
        "404244"
      ]
    },
    "invoiceType": {
      "type": "string",
      "enum": ["CommitmentFee", "ReservationFee", "ProgrammeFee"],
      "examples": [
        "CommitmentFee"
      ]
    },
    "transactionId": {
      "type": "string",
      "examples": [
        "transaction-76a6499a"
      ]
    },
    "transactionDateTime": {
      "type": "string",
      "format": "date-time",
      "examples": [
        "2023-11-16T13:03:20.406Z"
      ]
    },
    "paymentMethod": {
      "type": "string",
      "enum": ["Card", "BankTransfer"],
      "examples": [
        "Card"
      ]
    },
    "merchantReference": {
      "type": "string",
      "examples": [
        "merc-ref-1515NAHG1466"
      ]
    },
    "amount": {
      "type": "object",
      "required": [
        "value",
        "currency"
      ],
      "properties": {
        "value": {
          "type": "string",
          "examples": [
            "MS9444"
          ]
        },
        "currency": {
          "type": "string",
          "enum": ["GBP", "EUR", "USD"],
          "examples": [
            "GBP"
          ]
        }
      },
      "examples": [{
        "value": "3456.78",
        "currency": "GBP"
      }]
    }
  },
  "examples": [{
    "crmApplicationId": "79dc4428-fac2-4809-adef-58155844e2a4",
    "lbsNumber": "404244",
    "invoiceType": "CommitmentFee",
    "transactionId": "transaction-76a6499a",
    "transactionDateTime": "2023-11-16T13:03:20.406Z",
    "paymentMethod": "Card",
    "merchantReference": "merc-ref-1515NAHG1466",
    "amount": {
      "currency": "GBP",
      "value": "3456.78"
    }
  }]
}